[
  {
    "id": "024719cb-e549-48a1-8fa5-3068839b75a0",
    "data": [
      {
        "text": "90",
        "alias": "number1",
        "meta": "@sys.number",
        "userDefined": false
      },
      {
        "text": " mais ",
        "userDefined": false
      },
      {
        "text": "132",
        "alias": "number2",
        "meta": "@sys.number",
        "userDefined": false
      }
    ],
    "isTemplate": false,
    "count": 0
  },
  {
    "id": "8d3764e2-8457-4e00-aba0-945e66f00b07",
    "data": [
      {
        "text": "quatro",
        "alias": "number1",
        "meta": "@sys.number",
        "userDefined": false
      },
      {
        "text": " mais ",
        "userDefined": false
      },
      {
        "text": "trinta",
        "alias": "number2",
        "meta": "@sys.number",
        "userDefined": false
      }
    ],
    "isTemplate": false,
    "count": 0
  },
  {
    "id": "5318b4b6-3140-4cdd-ab1d-c5b968af553c",
    "data": [
      {
        "text": "três",
        "alias": "number1",
        "meta": "@sys.number",
        "userDefined": false
      },
      {
        "text": " mais ",
        "userDefined": false
      },
      {
        "text": "dois",
        "alias": "number2",
        "meta": "@sys.number",
        "userDefined": false
      }
    ],
    "isTemplate": false,
    "count": 0
  },
  {
    "id": "6c036fc3-bc26-4234-8053-c990e606be58",
    "data": [
      {
        "text": "10",
        "alias": "number1",
        "meta": "@sys.number",
        "userDefined": false
      },
      {
        "text": " mais ",
        "userDefined": false
      },
      {
        "text": "9",
        "alias": "number2",
        "meta": "@sys.number",
        "userDefined": false
      }
    ],
    "isTemplate": false,
    "count": 0
  },
  {
    "id": "79d8999e-48ea-4e46-b90b-717e511b13a7",
    "data": [
      {
        "text": "5",
        "alias": "number1",
        "meta": "@sys.number",
        "userDefined": false
      },
      {
        "text": " mais ",
        "userDefined": false
      },
      {
        "text": "3",
        "alias": "number2",
        "meta": "@sys.number",
        "userDefined": false
      }
    ],
    "isTemplate": false,
    "count": 1
  }
]