[
  {
    "id": "1dc525b8-7816-428b-83a2-84999eed7055",
    "data": [
      {
        "text": "cem",
        "alias": "number1",
        "meta": "@sys.number",
        "userDefined": false
      },
      {
        "text": " dividido por ",
        "userDefined": false
      },
      {
        "text": "20",
        "alias": "number2",
        "meta": "@sys.number",
        "userDefined": false
      }
    ],
    "isTemplate": false,
    "count": 1
  },
  {
    "id": "8935569b-998f-405c-930b-6230180a93c5",
    "data": [
      {
        "text": "45",
        "alias": "number1",
        "meta": "@sys.number",
        "userDefined": false
      },
      {
        "text": " dividido por ",
        "userDefined": false
      },
      {
        "text": "5",
        "alias": "number2",
        "meta": "@sys.number",
        "userDefined": false
      }
    ],
    "isTemplate": false,
    "count": 0
  },
  {
    "id": "94b939d4-ad33-40d5-b75e-96ddc4a9a4f3",
    "data": [
      {
        "text": "100",
        "alias": "number1",
        "meta": "@sys.number",
        "userDefined": false
      },
      {
        "text": " dividido por ",
        "userDefined": false
      },
      {
        "text": "3",
        "alias": "number2",
        "meta": "@sys.number",
        "userDefined": false
      }
    ],
    "isTemplate": false,
    "count": 0
  },
  {
    "id": "7b19b45b-8cd5-4a89-818c-8dd213183eed",
    "data": [
      {
        "text": "20",
        "alias": "number1",
        "meta": "@sys.number",
        "userDefined": false
      },
      {
        "text": " dividido por ",
        "userDefined": false
      },
      {
        "text": "5",
        "alias": "number2",
        "meta": "@sys.number",
        "userDefined": false
      }
    ],
    "isTemplate": false,
    "count": 0
  }
]