[
  {
    "id": "38ca45cc-8354-4e63-b957-d04b3d1e94ad",
    "data": [
      {
        "text": "10",
        "alias": "number1",
        "meta": "@sys.number",
        "userDefined": false
      },
      {
        "text": " multiplicado por ",
        "userDefined": false
      },
      {
        "text": "25",
        "alias": "number2",
        "meta": "@sys.number",
        "userDefined": false
      }
    ],
    "isTemplate": false,
    "count": 0
  },
  {
    "id": "3e910eba-e394-4613-8ebd-8493546987e6",
    "data": [
      {
        "text": "7",
        "alias": "number1",
        "meta": "@sys.number",
        "userDefined": true
      },
      {
        "text": " vezes ",
        "userDefined": false
      },
      {
        "text": "7",
        "alias": "number2",
        "meta": "@sys.number",
        "userDefined": true
      }
    ],
    "isTemplate": false,
    "count": 0
  },
  {
    "id": "50f7af2c-c28b-44ff-837e-930ea857f97d",
    "data": [
      {
        "text": "34",
        "alias": "number1",
        "meta": "@sys.number",
        "userDefined": false
      },
      {
        "text": " multiplicado por ",
        "userDefined": false
      },
      {
        "text": "2",
        "alias": "number2",
        "meta": "@sys.number",
        "userDefined": true
      }
    ],
    "isTemplate": false,
    "count": 0
  },
  {
    "id": "a774ae8b-9e48-44b0-b5d4-fc23a1e8b023",
    "data": [
      {
        "text": "10",
        "alias": "number1",
        "meta": "@sys.number",
        "userDefined": true
      },
      {
        "text": " vezes ",
        "userDefined": false
      },
      {
        "text": "3",
        "alias": "number2",
        "meta": "@sys.number",
        "userDefined": true
      }
    ],
    "isTemplate": false,
    "count": 0
  },
  {
    "id": "9b03f812-819e-43c8-bf5c-d25ab5620c0c",
    "data": [
      {
        "text": "5",
        "alias": "number1",
        "meta": "@sys.number",
        "userDefined": true
      },
      {
        "text": " vezes ",
        "userDefined": false
      },
      {
        "text": "5",
        "alias": "number2",
        "meta": "@sys.number",
        "userDefined": true
      }
    ],
    "isTemplate": false,
    "count": 0
  }
]