[
  {
    "id": "f550cb57-883a-4e8a-add7-06977023dd10",
    "data": [
      {
        "text": "89",
        "alias": "number1",
        "meta": "@sys.number",
        "userDefined": true
      },
      {
        "text": " - ",
        "userDefined": false
      },
      {
        "text": "14",
        "alias": "number2",
        "meta": "@sys.number",
        "userDefined": true
      }
    ],
    "isTemplate": false,
    "count": 0
  },
  {
    "id": "f7958c3d-224b-4630-a7fc-86d2b5847529",
    "data": [
      {
        "text": "um milhão",
        "alias": "number1",
        "meta": "@sys.number",
        "userDefined": false
      },
      {
        "text": " menos ",
        "userDefined": false
      },
      {
        "text": "cem mil",
        "alias": "number2",
        "meta": "@sys.number",
        "userDefined": false
      },
      {
        "text": ".",
        "userDefined": false
      }
    ],
    "isTemplate": false,
    "count": 0
  },
  {
    "id": "2ba34abe-d842-4fd0-82bd-afff21635624",
    "data": [
      {
        "text": "7",
        "alias": "number1",
        "meta": "@sys.number",
        "userDefined": false
      },
      {
        "text": " menos ",
        "userDefined": false
      },
      {
        "text": "6",
        "alias": "number2",
        "meta": "@sys.number",
        "userDefined": false
      }
    ],
    "isTemplate": false,
    "count": 0
  },
  {
    "id": "e9e7dd44-17a0-48b1-9685-d2d8fa2ddb21",
    "data": [
      {
        "text": "10",
        "alias": "number1",
        "meta": "@sys.number",
        "userDefined": false
      },
      {
        "text": " menos ",
        "userDefined": false
      },
      {
        "text": "4",
        "alias": "number2",
        "meta": "@sys.number",
        "userDefined": false
      }
    ],
    "isTemplate": false,
    "count": 0
  }
]